{
	"width" : 640,
	"height" : 480,
	"intrinsic_matrix" :
	[
		382.84018548346035,
		0,
		0,
		0,
		386.80956780426754,
		0,
		319.5,
		239.5,
		1
	]
}
