{
	"width" : 848,
	"height" : 480,
	"intrinsic_matrix" :
	[
		427.33807373046875,
		0,
		0,
		0,
		426.74020385742188,
		0,
		430.25491333007812,
		241.94650268554688,
		1
	]
}